id,start,end,length,bkps
0,0,1477.3,1477.3,295
1,1477.3,2625.2,1147.8999999999999,509
2,2625.2,3982.8,1357.6000000000004,809
