id,start,end,length,bkps
0,0,1140.2,1140.2,146
1,1140.2,2348.8,1208.6000000000001,257
2,2348.8,3679.1,1330.2999999999997,394
