id,start,end,length,bkps
0,0,1251.5,1251.5,162
1,1251.5,2653.2,1401.6999999999998,437
2,2653.2,4034.8,1381.6000000000004,614
