id,start,end,length,bkps
0,0,1533.0,1533.0,533
1,1533.0,2974.3,1441.3000000000002,853
2,2974.3,4506.5,1532.1999999999998,1043
