id,start,end,length,bkps
0,0,1258.2,1258.2,183
1,1258.2,2581.3,1323.1000000000001,399
2,2581.3,4083.2,1501.8999999999996,723
