id,start,end,length,bkps
0,0,1383.7,1383.7,406
1,1383.7,2874.1,1490.3999999999999,977
2,2874.1,4283.8,1409.7000000000003,1366
