id,start,end,length,bkps
0,0,1827.2,1827.2,358
1,1827.2,2947.6,1120.3999999999999,570
2,2947.6,4671.9,1724.2999999999997,12697
