id,start,end,length,bkps
0,0,1348.9,1348.9,255
1,1348.9,2844.7,1495.7999999999997,628
2,2844.7,4143.4,1298.6999999999998,788
