id,start,end,length,bkps
0,0,1112.2,1112.2,236
1,1112.2,2282.1,1169.8999999999999,459
2,2282.1,2676.3,394.2000000000003,491
