id,start,end,length,bkps
0,0,1840.3,1840.3,283
1,1840.3,2886.7,1046.3999999999999,432
2,2886.7,4144.3,1257.6000000000004,598
